{
    "parent": "minecraft:item/generated",
    "textures": {
      "layer0": "minecraft:item/golden_carrot"
    },
    "overrides": [
      {
        "predicate": {
          "custom_model_data": 3
        },
        "model": "minecraft:item/hearty_durian"
      },
      {
        "predicate": {
          "custom_model_data": 4
        },
        "model": "minecraft:item/hydromelon"
      },
      {
        "predicate": {
          "custom_model_data": 5
        },
        "model": "minecraft:item/palm_fruit"
      }
    ]
  }