{
	"credit": "Made with Blockbench",
	"parent": "minecraft:item/generated",
	"textures": {
		"layer0": "item/hearty_durian"
	},
	"display": {
		"thirdperson_righthand": {
			"translation": [0, 4.5, 0.75],
			"scale": [0.65, 0.65, 0.65]
		},
		"thirdperson_lefthand": {
			"translation": [0, 4.5, 0.75],
			"scale": [0.65, 0.65, 1]
		},
		"firstperson_righthand": {
			"translation": [2, 3.5, 0],
			"scale": [0.63, 0.63, 0.63]
		}
	},
	"groups": [
		{
			"name": "hearty_durian",
			"origin": [8, 8, 8],
			"color": 0,
			"nbt": "{}",
			"children": []
		}
	]
}